"","1914","1915","1916","1917","1918","1919","1920","1921","1922","1923","1924","1925","1926","1927","1928","1929","1930","1931","1932","1933","1934","1935","1936","1937","1938","1939","1940","1941","1942","1943","1944","1945","1946","1947","1948","1949","1950","1951","1952","1953","1954","1955","1956","1957","1958","1959","1960","1961","1962","1963","1964","1965","1966","1967","1968","1969","1970","1971","1972","1973","1974","1975","1976","1977","1978","1979","1980","1981","1982","1983","1984","1985","1986","1987","1988","1989","1990","1991","1992","1993","1994","1995","1996","1997","1998","1999","2000","2001","2002","2003","2004","2005","2006","2007","2008","2009","2010","2011","2012","2013","2014","2015","2016","2017"
"1",NA,NA,NA,NA,NA,NA,NA,NA,NA,NA,NA,NA,NA,NA,NA,NA,NA,NA,NA,NA,NA,NA,NA,NA,NA,NA,NA,NA,NA,NA,NA,NA,NA,NA,NA,NA,NA,NA,NA,NA,NA,NA,NA,NA,NA,NA,NA,NA,NA,NA,NA,NA,NA,NA,NA,NA,NA,48.8,50.5,54.1,38.9,47,55.1,45,23,NA,45,55.1,85.6,28.4,50.6,41.5,35.8,48.2,37.8,38.9,NA,NA,NA,NA,NA,NA,NA,NA,NA,NA,NA,NA,NA,NA,NA,NA,NA,NA,NA,NA,NA,NA,NA,NA,NA,NA,NA,NA
"2",NA,NA,NA,NA,NA,NA,NA,NA,NA,NA,NA,NA,NA,NA,NA,NA,NA,NA,NA,NA,NA,NA,NA,NA,NA,NA,NA,NA,NA,NA,NA,NA,NA,NA,NA,NA,NA,NA,NA,NA,NA,NA,NA,NA,NA,NA,NA,NA,NA,NA,NA,NA,NA,NA,NA,NA,NA,NA,NA,NA,NA,NA,NA,NA,NA,NA,NA,NA,45,55.4,65.1,58.3,38,61.8,38.2,95.8,62.8,NA,NA,NA,NA,NA,NA,NA,NA,NA,NA,NA,NA,NA,NA,NA,71,67.4,64,77.2,64.2,59.4,39.6,64,NA,NA,NA,NA
"3",NA,NA,NA,NA,NA,NA,NA,NA,NA,NA,NA,NA,NA,NA,NA,NA,NA,NA,NA,NA,NA,NA,NA,NA,NA,NA,NA,NA,NA,NA,NA,NA,NA,NA,NA,NA,NA,NA,NA,NA,NA,NA,NA,NA,NA,NA,NA,NA,NA,NA,25.1,34.3,42.9,45,54.6,72.9,53.6,40.9,41.1,48.3,58.9,81.3,73.4,59.2,34.6,68.3,59.9,50.2,38.4,44.6,45.4,52.4,51.6,54,86.1,83.9,64.2,NA,NA,NA,NA,NA,NA,NA,NA,NA,NA,NA,NA,NA,NA,57.8,33,68,78,49.2,61.8,NA,52.8,80.6,118.2,147,NA,NA
"4",NA,NA,NA,NA,NA,NA,NA,NA,NA,NA,NA,NA,NA,NA,NA,NA,NA,NA,NA,NA,NA,NA,NA,NA,NA,NA,NA,NA,NA,NA,NA,NA,34.8,66,95.8,35.8,68.1,44.7,NA,57.4,62.2,32.8,56.9,NA,36.1,62.2,37.6,39.4,134.9,85.3,25.9,30,NA,NA,109,39.9,48.5,48,66.8,62.7,43.9,53.1,82.8,58.4,55.2,74,48.6,67.3,45.1,77,34.1,50.9,44.5,55.6,49.9,36.8,69.8,56.6,39.3,73,49.3,67.8,63.2,33.1,71.1,112.7,48.3,63.5,71.7,66.8,98.7,120.7,75.3,72.1,61.5,90.3,69.1,60.1,65.2,55.4,122.2,103.6,47,NA
"5",NA,NA,NA,NA,NA,NA,NA,NA,NA,NA,NA,NA,NA,NA,NA,NA,NA,NA,NA,NA,NA,NA,NA,NA,NA,NA,NA,NA,NA,NA,NA,NA,NA,NA,NA,NA,NA,NA,NA,NA,NA,NA,NA,NA,NA,NA,NA,NA,NA,NA,NA,NA,49,51.8,57.1,84.6,79.5,49.8,49.5,68.8,38.6,39.1,57.9,44.4,NA,55.4,46.4,83.5,67.2,56.9,44.2,42.5,33.2,49.6,36.8,119.6,75.5,63.1,60.8,NA,NA,NA,NA,NA,NA,NA,NA,NA,NA,NA,NA,NA,NA,NA,NA,NA,NA,NA,NA,NA,NA,NA,NA,NA
"6",NA,NA,NA,NA,NA,NA,NA,NA,NA,NA,123.7,48.3,NA,84.6,NA,NA,NA,NA,92.7,101.1,56.4,66.8,51.1,48,77.7,NA,NA,66.5,50,148.6,57.4,53.8,46.7,78.2,65.8,73.2,93.5,NA,NA,NA,NA,NA,NA,NA,NA,NA,NA,NA,NA,NA,NA,NA,NA,NA,NA,NA,NA,NA,NA,NA,NA,NA,NA,NA,NA,NA,NA,NA,NA,NA,NA,NA,NA,NA,NA,NA,NA,NA,NA,NA,NA,NA,NA,NA,NA,NA,NA,NA,NA,NA,NA,NA,NA,NA,NA,NA,NA,NA,NA,NA,NA,NA,NA,NA
"7",NA,NA,NA,NA,NA,NA,NA,NA,NA,NA,NA,NA,NA,NA,NA,NA,NA,NA,NA,NA,NA,NA,NA,NA,NA,NA,NA,NA,NA,NA,NA,NA,NA,NA,NA,NA,NA,NA,NA,NA,NA,NA,NA,NA,73.9,105.7,78.5,66.3,129.3,85.9,63.5,56.4,74.9,107.9,59.7,55.1,125.2,80.8,95.2,80.8,85.1,161,72.1,78.7,83,79.7,76.4,133.3,68.4,59.6,81.8,109.3,50.4,54.6,48,64.4,101.8,59.7,50.4,51.5,56,NA,NA,NA,NA,100.7,50.4,73.2,60,NA,NA,NA,NA,NA,NA,NA,NA,NA,NA,NA,NA,NA,NA,NA
"8",NA,NA,NA,NA,NA,NA,NA,NA,NA,NA,NA,NA,NA,NA,NA,NA,NA,NA,NA,NA,NA,NA,NA,NA,NA,NA,NA,NA,NA,NA,NA,NA,NA,NA,NA,NA,NA,NA,NA,NA,NA,NA,NA,NA,NA,NA,NA,NA,NA,NA,NA,NA,NA,34,38.9,91.7,45.2,45.2,46,59.4,38.9,35.6,35.3,NA,24.2,31.9,42.1,46.2,39.7,57.1,40.4,47.1,60.3,30.7,40,59,51.5,40.5,58.5,47.6,63.5,70.4,NA,NA,NA,NA,NA,NA,NA,NA,NA,NA,NA,NA,NA,NA,NA,NA,NA,NA,NA,NA,NA,NA
"9",NA,NA,NA,NA,NA,NA,NA,NA,NA,NA,NA,NA,NA,NA,NA,NA,NA,NA,NA,NA,NA,NA,NA,NA,NA,NA,NA,NA,NA,NA,NA,NA,NA,NA,NA,NA,NA,NA,NA,NA,NA,NA,NA,NA,NA,NA,NA,NA,NA,NA,NA,NA,29.2,38.6,64,37.8,40.1,29.2,45,50.3,43.9,66.5,42.4,47.5,45.9,41.2,62.7,43.8,38.3,46.3,43.3,32.7,39.9,26.7,39.8,40.8,38,43,NA,40.8,51.3,70.1,59.1,35.6,53.6,41.4,48.3,38.2,49.2,NA,NA,NA,NA,NA,NA,NA,NA,NA,NA,NA,NA,NA,NA,NA
"10",NA,NA,NA,NA,NA,NA,NA,NA,NA,NA,NA,NA,NA,NA,NA,NA,NA,NA,NA,NA,NA,NA,NA,NA,NA,35.1,NA,58.7,103.4,NA,NA,30,40.9,32.3,53.3,52.3,50,98.3,29.5,47.2,41.4,35.1,31,NA,49.5,38.1,33,38.9,36.6,49.5,38.9,39.9,38.9,39.1,45,45,45,55.9,30.2,46,36.8,41.7,38.6,38.9,21.2,40.8,59.3,70.1,42,40.8,46.6,38.2,68.9,45.4,52.8,55.4,75.4,45.9,64.2,60.6,32.8,71.5,67.5,57.6,59.1,57,41,33.8,45.2,89.1,68.4,43.2,52,51.4,54.2,59,98.4,48.2,42.8,NA,NA,NA,127.8,33
"11",NA,NA,NA,NA,NA,NA,NA,NA,NA,NA,NA,NA,NA,NA,NA,NA,NA,NA,NA,NA,NA,NA,NA,NA,NA,NA,NA,NA,NA,NA,NA,NA,NA,NA,NA,NA,NA,NA,NA,NA,NA,NA,NA,NA,NA,NA,NA,NA,NA,NA,NA,NA,NA,NA,NA,NA,NA,NA,NA,NA,NA,76.2,65.8,64.8,58.2,118,108.3,87.2,89.8,75.4,99.6,86.8,44.2,48.3,45.2,61.4,83.4,42.4,NA,71.7,NA,70,106,NA,NA,NA,NA,NA,NA,NA,NA,NA,NA,NA,NA,NA,NA,NA,NA,NA,NA,NA,NA,NA
"12",NA,NA,NA,NA,NA,NA,NA,NA,NA,NA,NA,NA,NA,NA,NA,NA,NA,NA,NA,NA,NA,NA,NA,NA,NA,NA,NA,NA,NA,NA,NA,NA,NA,NA,NA,NA,NA,NA,NA,NA,NA,NA,NA,NA,NA,NA,NA,NA,NA,NA,NA,NA,NA,51.8,70.6,58.4,54.9,57.4,48.8,89.7,63,41.1,36.6,NA,42,98,59.4,52.1,44.8,82.4,63.2,32.6,46.1,49.9,56,97.5,88.9,55.9,NA,56.5,69.4,134.5,68.4,46,52.5,40.4,58.8,57.9,60.5,52.7,65.3,138.4,55.5,62.6,57.2,53.4,47.9,NA,68.8,63.8,35,74.7,73.4,74.2
"13",NA,NA,NA,NA,NA,NA,NA,NA,NA,NA,NA,NA,NA,NA,NA,NA,NA,NA,NA,NA,NA,NA,NA,NA,NA,NA,NA,NA,NA,NA,NA,NA,NA,NA,NA,NA,NA,NA,NA,NA,NA,NA,NA,NA,NA,NA,NA,NA,NA,NA,68.8,31.5,47.2,NA,88.4,42.7,57.4,69.6,50.5,81.5,52.6,44.4,110.2,73.7,42.7,57.5,48.8,60.5,62.1,50.2,60.9,34.8,81.1,57.1,65.8,52.8,67.8,61.6,NA,62.8,44.5,37.5,76.3,36,72.4,74.4,43.8,43.8,68.4,68.1,40.8,56.8,56.1,51.5,62.9,73.4,NA,NA,59.3,76.1,NA,125.4,64.3,NA
"14",NA,NA,NA,NA,NA,NA,NA,NA,NA,NA,NA,NA,NA,NA,NA,NA,NA,NA,NA,NA,NA,NA,NA,NA,NA,NA,NA,72.1,239.5,110.7,NA,NA,NA,NA,NA,61.2,54.4,73.9,NA,NA,NA,NA,NA,34.5,65.8,62.7,39.4,72.9,73.2,58.4,63.8,50.5,35.6,102.4,41.9,51.8,60.5,205.7,64.8,47.8,NA,NA,NA,NA,NA,NA,NA,NA,NA,NA,NA,NA,NA,NA,NA,NA,NA,NA,NA,NA,NA,NA,NA,NA,NA,NA,NA,NA,NA,NA,NA,NA,NA,NA,NA,NA,NA,NA,NA,NA,NA,NA,NA,NA
"15",NA,NA,NA,NA,NA,NA,NA,NA,NA,NA,NA,NA,NA,NA,NA,NA,NA,NA,NA,NA,NA,NA,NA,NA,NA,NA,NA,NA,NA,NA,NA,NA,NA,NA,NA,NA,NA,NA,NA,NA,NA,NA,NA,NA,NA,NA,NA,NA,NA,NA,NA,NA,NA,NA,NA,NA,NA,NA,NA,NA,NA,NA,NA,61.7,107.4,75,58.4,71.1,81.6,66.7,73.5,65.5,68.1,51.2,62.8,NA,NA,NA,NA,NA,NA,NA,NA,NA,NA,NA,NA,NA,NA,NA,NA,NA,59.6,67.4,86,92.6,62.6,114.2,90.8,85.6,136.2,64.2,90.6,61.4
"16",NA,NA,NA,NA,NA,NA,NA,NA,NA,NA,NA,NA,NA,NA,NA,NA,NA,NA,NA,NA,NA,NA,NA,NA,NA,NA,NA,NA,NA,NA,NA,NA,NA,NA,NA,NA,NA,NA,NA,NA,NA,NA,NA,NA,NA,NA,34.8,86.9,79.5,78.7,81,33.3,47.5,59.4,NA,32,76.7,124.2,47.8,60.2,47.5,44.2,78.7,NA,37.3,48.6,39.4,93,41.7,58,73.1,56.1,65.7,55.4,74,52.1,62.6,66.2,45.4,57,43.6,48,NA,NA,NA,NA,NA,NA,NA,NA,48.7,81.9,NA,70.5,59.3,86.5,NA,73.2,65.2,63.4,NA,NA,NA,NA
"17",NA,NA,NA,NA,NA,NA,NA,NA,NA,NA,NA,NA,NA,NA,NA,NA,NA,NA,NA,NA,NA,NA,NA,NA,NA,NA,NA,NA,NA,NA,NA,NA,NA,NA,NA,NA,NA,NA,NA,NA,NA,45,41.1,NA,47.8,68.1,38.1,70.9,71.6,67.6,75.2,61.2,43.2,87.4,68.3,66.8,77.5,199.1,72.4,62.7,49.8,70.6,84.6,51.3,57.1,76.1,50.3,66.7,98.9,113,68.7,63.2,46.6,41,79.8,60.6,100,87.1,49,71.5,68.8,94.2,91.2,48.6,87.4,66.5,72.2,88.6,56.7,103.7,52.6,91.3,57.6,97.2,NA,66.5,49.6,89.2,57,68.6,NA,66.6,74,NA
"18",NA,NA,NA,NA,NA,NA,NA,NA,NA,NA,NA,NA,NA,NA,NA,NA,NA,NA,NA,NA,NA,NA,NA,NA,NA,NA,NA,NA,NA,NA,NA,NA,NA,NA,NA,NA,NA,NA,NA,NA,NA,NA,NA,NA,NA,NA,NA,56.6,60.7,93,74.2,NA,55.9,96.8,79,69.6,63.8,56.9,51.6,73.4,53.6,86.1,86.1,59.9,58.8,51.6,65,134.8,85.4,66.8,61.5,48.6,64.2,73.2,81,54,81,64,NA,67.5,61.9,55.5,75.8,66.4,84.1,67.4,110.8,67.4,64,86.4,47.8,71.6,74,66.6,48.6,101.4,NA,63.6,69.8,61.6,43.6,46.6,194.4,NA
"19",NA,NA,NA,NA,NA,NA,NA,NA,NA,NA,NA,NA,NA,NA,NA,NA,NA,NA,NA,NA,NA,NA,NA,NA,NA,NA,NA,NA,NA,NA,NA,NA,NA,NA,NA,NA,NA,NA,NA,NA,NA,NA,NA,NA,58.4,NA,42.2,60.7,58.9,54.6,75.4,40.9,58.9,71.9,67.6,41.7,84.3,111.8,46.7,61.7,43.9,77,47.8,72.6,90.4,NA,34.4,64,45.2,71.6,52.8,60.4,NA,NA,NA,NA,NA,NA,NA,NA,NA,NA,NA,NA,NA,NA,NA,61.2,NA,NA,NA,NA,NA,NA,NA,NA,NA,NA,NA,NA,NA,NA,NA,NA
"20",NA,NA,NA,NA,NA,NA,NA,NA,NA,NA,NA,NA,NA,NA,NA,NA,NA,NA,NA,NA,NA,NA,NA,NA,NA,NA,NA,NA,NA,NA,NA,NA,NA,NA,NA,NA,NA,NA,NA,NA,NA,NA,NA,NA,NA,NA,NA,NA,NA,NA,NA,NA,NA,NA,NA,NA,NA,75.7,55.1,72.4,60.7,89.2,57.7,62,63.5,62.1,71.8,64.4,57.8,79.5,72.7,63,87.7,103.8,56.7,70,79,68.4,39.8,70.4,73.4,71.6,130.5,42,73.8,58.4,59.2,52.1,72.2,67.1,56.5,91.4,66.8,53.8,67.1,87.6,112.5,70.4,NA,68.9,78.3,61.2,50.4,NA
"21",NA,NA,NA,NA,NA,NA,NA,NA,NA,NA,NA,NA,NA,NA,NA,NA,NA,NA,NA,NA,NA,NA,NA,NA,NA,NA,NA,NA,NA,NA,NA,NA,NA,NA,NA,NA,NA,NA,NA,NA,NA,NA,NA,NA,NA,NA,NA,NA,NA,NA,29.5,28.4,30.5,46.5,71.6,29.5,60.2,51.6,32.5,46,54.6,38.6,49.3,43.2,44.4,71.8,44,41.2,42,59.2,42.8,47.4,45.6,59.5,42.5,32.5,53.8,NA,NA,NA,NA,NA,NA,NA,NA,NA,NA,NA,NA,NA,39.6,93.2,68.8,45.2,58,82.2,53.6,48.4,44.2,37.4,NA,NA,NA,NA
"22",NA,NA,NA,NA,NA,NA,NA,NA,NA,NA,NA,NA,NA,NA,NA,NA,NA,NA,NA,NA,NA,NA,NA,NA,NA,NA,NA,NA,NA,NA,NA,NA,NA,NA,NA,NA,NA,NA,NA,NA,NA,NA,NA,NA,NA,NA,NA,NA,NA,NA,NA,NA,NA,NA,NA,NA,NA,NA,NA,NA,NA,NA,NA,NA,NA,NA,NA,NA,NA,NA,NA,NA,NA,NA,NA,NA,NA,NA,NA,NA,NA,NA,NA,NA,NA,NA,70.2,68.2,62.4,42.8,33.4,66.1,61.3,36.6,83.6,91.4,47.6,57.6,65.8,42.2,NA,62,52.6,NA
"23",NA,NA,NA,NA,NA,NA,NA,NA,NA,NA,NA,NA,NA,NA,NA,NA,NA,NA,NA,NA,NA,NA,NA,NA,NA,NA,NA,NA,NA,NA,NA,NA,NA,NA,NA,NA,NA,NA,NA,NA,NA,NA,NA,NA,NA,NA,NA,NA,NA,NA,NA,NA,NA,NA,NA,NA,NA,NA,72.9,72.4,59.9,42.7,74.2,61.5,59.8,75.8,42.2,81.8,50.8,42.7,71.8,54.5,71.1,50.4,36.4,66.7,54.6,NA,NA,76.2,35.9,47.8,55.2,74,NA,NA,NA,NA,NA,NA,NA,NA,NA,NA,NA,NA,NA,NA,NA,NA,NA,NA,NA,NA
"24",NA,NA,NA,NA,NA,NA,NA,NA,NA,NA,NA,NA,NA,NA,NA,NA,NA,NA,NA,NA,NA,NA,NA,NA,NA,NA,NA,NA,NA,NA,NA,NA,NA,NA,NA,NA,NA,NA,NA,NA,NA,NA,NA,NA,NA,NA,NA,NA,NA,NA,NA,NA,NA,NA,NA,NA,NA,NA,NA,65,55.1,46,68.6,39.6,49.3,85.4,68.4,56.4,35,38.5,47.6,95,80,39,53.9,51.3,47.2,28.8,63.7,73,54.9,45.1,57,36.3,56.4,56,NA,NA,NA,NA,NA,NA,NA,NA,NA,NA,NA,NA,NA,NA,NA,NA,NA,NA
"25",NA,NA,NA,NA,NA,NA,NA,NA,NA,NA,NA,NA,NA,NA,NA,NA,NA,NA,NA,NA,NA,NA,NA,NA,NA,NA,NA,NA,NA,NA,NA,NA,NA,NA,NA,NA,NA,NA,NA,NA,NA,NA,NA,NA,NA,NA,NA,NA,NA,NA,NA,NA,NA,NA,NA,NA,NA,59.7,59.9,71.6,NA,50.3,54.9,46.7,62.7,70.5,44.6,56.4,48.7,38.6,67.9,74.8,64.4,56.1,53,44.3,60.3,64.2,82.8,74,NA,NA,NA,NA,NA,NA,NA,NA,NA,NA,NA,NA,NA,NA,NA,NA,NA,NA,NA,NA,NA,NA,NA,NA
"26",NA,NA,NA,NA,NA,NA,NA,NA,NA,NA,NA,NA,NA,NA,NA,NA,NA,NA,NA,NA,NA,NA,NA,NA,NA,NA,NA,NA,NA,NA,NA,NA,NA,NA,NA,NA,NA,NA,NA,NA,NA,NA,NA,NA,NA,NA,NA,NA,NA,NA,NA,NA,NA,55.4,36.8,52.6,51.3,NA,NA,63,49,70.9,NA,42.7,NA,78.8,30,65.2,25.2,63.5,30.4,NA,NA,56,39.3,52.8,64,NA,NA,65.3,48.9,52.1,NA,NA,30.6,49,NA,NA,NA,NA,NA,NA,NA,NA,NA,NA,NA,NA,NA,NA,NA,NA,NA,NA
"27",NA,NA,NA,NA,NA,NA,NA,NA,NA,NA,NA,NA,NA,NA,NA,NA,NA,NA,NA,NA,NA,NA,NA,NA,NA,NA,NA,NA,NA,NA,NA,NA,NA,NA,NA,NA,NA,NA,NA,NA,NA,NA,NA,NA,NA,NA,NA,NA,NA,67.6,46,41.1,51.8,31.5,43.2,40.4,57.1,34.8,49.5,59.9,45.2,71.9,50.3,72.1,111.6,90.2,44.7,47.9,35.8,42.8,37,61.4,44.2,47,51.2,54.2,59.2,39.4,41.6,42.4,49.2,NA,NA,NA,NA,NA,NA,NA,NA,NA,NA,77,106,43.8,41.2,54,75.4,62.6,87,57.8,71.6,49.6,79.4,45.2
"28",NA,NA,NA,NA,NA,NA,NA,NA,NA,NA,NA,NA,NA,NA,NA,NA,NA,NA,NA,NA,NA,NA,NA,NA,NA,NA,NA,NA,NA,NA,NA,NA,NA,NA,NA,NA,NA,NA,NA,NA,NA,NA,NA,NA,NA,NA,NA,NA,NA,NA,NA,NA,NA,NA,NA,52.3,29.5,31.5,66,49.8,26.7,78,39.1,61.5,45.5,100.6,42.4,40.6,75.2,48.4,38.4,40.6,NA,56.4,36.8,69.6,58.4,45.4,NA,NA,43.6,61.3,65.8,62.4,46.8,36.8,NA,NA,NA,NA,NA,NA,NA,NA,NA,NA,NA,NA,NA,NA,NA,NA,NA,NA
"29",55.9,81.3,55.4,65.5,70.4,71.4,58.9,51.6,80.3,94.2,98.3,42.4,51.3,50.8,29,37.8,35.6,59.7,59.7,101.9,51.8,125.5,33,134.1,95.2,46,60.7,39.4,118.1,42.7,NA,NA,NA,NA,NA,NA,NA,NA,NA,NA,NA,NA,NA,NA,NA,NA,NA,NA,NA,NA,NA,NA,NA,NA,NA,NA,NA,NA,NA,NA,NA,NA,NA,NA,NA,NA,NA,NA,NA,NA,NA,NA,NA,NA,NA,NA,NA,NA,NA,NA,NA,NA,NA,NA,NA,NA,NA,NA,NA,NA,NA,NA,NA,NA,NA,NA,NA,NA,NA,NA,NA,NA,NA,NA
"30",NA,NA,NA,NA,NA,NA,NA,NA,NA,NA,NA,NA,NA,NA,NA,NA,NA,NA,NA,NA,NA,NA,NA,NA,NA,NA,NA,NA,NA,NA,NA,NA,NA,NA,NA,NA,NA,NA,NA,NA,NA,NA,NA,NA,NA,NA,NA,NA,NA,NA,NA,NA,NA,NA,NA,52.1,NA,40.9,62.2,100.8,70.9,43.9,58.4,38.1,43.9,87.4,45.2,49.1,48.2,35.8,46,88.4,57.5,102.9,57.8,51.2,70,37.6,59,72.5,53.8,52,56,44,54.1,71.9,NA,NA,NA,NA,NA,NA,NA,NA,NA,NA,NA,NA,NA,NA,NA,NA,NA,NA
"31",NA,NA,NA,NA,NA,NA,NA,NA,NA,NA,NA,NA,NA,NA,NA,NA,NA,NA,NA,NA,NA,NA,NA,NA,NA,NA,NA,NA,NA,NA,NA,NA,NA,NA,NA,NA,NA,NA,NA,NA,NA,NA,NA,NA,NA,NA,NA,NA,NA,NA,NA,NA,39.1,71.6,45.5,57.7,58.9,51.3,77.7,67.8,58.4,59.2,38.4,44.7,68.6,73.4,75.1,61.2,45.6,44.9,71.8,33.4,78.4,65.2,49.7,54.2,NA,NA,NA,NA,NA,NA,NA,NA,NA,NA,NA,NA,NA,NA,NA,NA,NA,NA,NA,NA,NA,NA,NA,NA,NA,NA,NA,NA
"32",NA,NA,NA,NA,NA,NA,NA,NA,NA,NA,NA,NA,NA,NA,NA,NA,NA,NA,NA,NA,NA,NA,NA,NA,NA,NA,NA,NA,NA,NA,NA,NA,NA,NA,NA,NA,NA,NA,NA,NA,NA,NA,NA,NA,NA,NA,NA,NA,NA,NA,NA,NA,NA,NA,NA,NA,NA,NA,NA,NA,NA,NA,NA,NA,88.9,63,49,103.7,51.6,47.8,37.2,65.6,73.3,NA,43,76.3,65.3,NA,NA,38.6,50.9,49.8,69.2,38.8,48.8,47,NA,NA,NA,NA,NA,NA,NA,NA,NA,NA,NA,NA,NA,NA,NA,NA,NA,NA
"33",NA,NA,NA,NA,NA,NA,NA,NA,NA,NA,NA,NA,NA,NA,NA,NA,NA,NA,NA,NA,NA,NA,NA,NA,NA,NA,NA,NA,NA,NA,NA,NA,NA,NA,NA,NA,NA,NA,NA,NA,NA,NA,NA,NA,NA,NA,NA,NA,NA,NA,NA,NA,NA,NA,NA,NA,NA,NA,NA,66,25.9,66,45.5,52.3,38.5,NA,45.2,47.3,68,43.6,43.4,39.4,55.6,55.1,69.2,55.5,42,NA,NA,NA,NA,NA,NA,NA,NA,NA,NA,NA,NA,NA,NA,NA,NA,NA,NA,NA,NA,NA,NA,NA,NA,NA,NA,NA
"34",NA,NA,NA,NA,NA,NA,NA,NA,NA,NA,NA,NA,NA,NA,NA,NA,NA,NA,NA,NA,NA,NA,NA,NA,NA,NA,NA,NA,NA,NA,NA,NA,NA,NA,NA,NA,NA,NA,NA,NA,NA,NA,NA,NA,NA,NA,NA,NA,NA,NA,NA,NA,NA,NA,NA,NA,48.3,47.5,79.8,NA,36.6,34.8,48.8,NA,NA,72.9,NA,58.6,33.2,35.8,52.8,64.8,53,64.4,47,65.8,39.2,42.1,57.4,41.8,54.8,63.1,52.5,36,NA,NA,NA,NA,NA,NA,NA,NA,NA,NA,NA,NA,NA,NA,NA,NA,NA,NA,NA,NA
"35",NA,NA,NA,NA,NA,NA,NA,NA,NA,NA,NA,NA,NA,NA,NA,NA,NA,NA,NA,NA,NA,NA,NA,NA,NA,NA,NA,NA,NA,NA,NA,NA,NA,NA,NA,NA,NA,NA,NA,NA,NA,NA,NA,NA,NA,NA,NA,NA,NA,NA,NA,NA,NA,NA,23.9,56.9,51.3,39.6,49.8,64.3,49.3,41.4,60.5,36.1,38.3,60.4,51.9,95,33.6,46.4,24.7,49,65.4,34.4,26.6,50.8,62.3,NA,NA,44.4,53.2,53.2,NA,NA,53.3,45,NA,NA,NA,NA,NA,94.6,37.4,77.2,46.6,51.6,61.8,61,52.8,41.2,52.4,48.8,69,78
"36",NA,NA,NA,NA,NA,NA,NA,NA,NA,NA,NA,NA,NA,NA,NA,NA,NA,NA,NA,NA,NA,NA,NA,NA,NA,NA,NA,NA,NA,NA,NA,NA,NA,NA,NA,NA,NA,NA,NA,NA,NA,NA,NA,NA,NA,NA,NA,NA,NA,57.1,42.4,51.3,42.2,41.9,45.7,40.4,NA,NA,NA,57.7,NA,NA,57.9,38.4,76.9,57.4,41.8,47.7,44.6,52.8,48.8,42.2,50.8,35.6,38.5,44.8,87.3,46,51,47.2,53,75.1,45.1,43.3,44.1,NA,NA,NA,NA,NA,NA,NA,NA,NA,NA,NA,NA,NA,NA,NA,NA,NA,NA,NA
"37",NA,NA,NA,NA,NA,NA,NA,NA,NA,NA,NA,NA,NA,NA,NA,NA,NA,NA,NA,NA,NA,NA,NA,NA,NA,NA,NA,NA,NA,NA,NA,NA,NA,NA,NA,NA,NA,NA,NA,NA,NA,NA,NA,NA,NA,NA,NA,NA,NA,NA,NA,NA,NA,NA,NA,NA,NA,86.6,52.1,NA,55.1,116.8,43.4,48.8,99.3,38.1,41.9,42.2,53.4,32.1,63,56.8,57.4,51.9,43.9,41.6,41,59,60,84.3,36.7,112.7,55.3,47.3,44,NA,NA,NA,NA,NA,NA,NA,NA,NA,NA,NA,NA,NA,NA,NA,NA,NA,NA,NA
"38",NA,NA,NA,NA,NA,NA,NA,NA,NA,NA,NA,NA,NA,NA,NA,NA,NA,NA,NA,NA,NA,NA,NA,NA,NA,NA,NA,NA,NA,NA,NA,NA,NA,NA,NA,NA,NA,NA,NA,NA,NA,NA,NA,NA,NA,NA,NA,NA,NA,NA,NA,NA,NA,NA,45.2,54.1,50.5,47.8,36.8,47.2,38.9,62.5,46.5,35.1,57.4,49.3,43.8,62,48,34,63.8,47.4,37.8,36.2,88.8,36.9,NA,NA,NA,NA,NA,NA,NA,NA,NA,NA,NA,NA,NA,NA,NA,NA,NA,NA,NA,NA,NA,NA,NA,NA,NA,NA,NA,NA
"39",NA,NA,NA,NA,NA,NA,NA,NA,NA,NA,NA,NA,NA,NA,NA,NA,NA,NA,NA,NA,NA,NA,NA,NA,NA,NA,NA,NA,NA,NA,NA,NA,NA,NA,NA,NA,NA,NA,NA,NA,NA,NA,NA,NA,NA,NA,NA,NA,NA,NA,NA,NA,NA,26.4,55.4,41.9,60.7,66.3,50.3,35.6,NA,39.9,NA,31.5,NA,65,43.2,28,41.9,48.7,40,NA,46.6,58.3,72.2,52.7,55.6,107.4,35,41,43,54.1,55,39.2,38.4,NA,NA,NA,NA,NA,NA,NA,NA,NA,NA,NA,NA,NA,NA,NA,NA,NA,NA,NA
"40",NA,NA,NA,NA,NA,NA,NA,NA,NA,NA,NA,NA,NA,NA,NA,NA,NA,NA,NA,NA,NA,NA,NA,NA,NA,NA,NA,NA,NA,NA,NA,NA,NA,NA,NA,NA,NA,NA,NA,NA,NA,NA,NA,NA,NA,NA,NA,NA,NA,NA,NA,NA,NA,NA,NA,NA,NA,NA,NA,NA,50,57.4,52.6,41.4,72.6,106.9,76.8,62,47.2,38.7,67.8,78.9,71,35.6,38.8,47,58,38.8,45.6,36.4,52,39.2,51.8,35.7,40.8,80.8,NA,NA,NA,NA,NA,NA,NA,NA,NA,NA,NA,NA,NA,NA,NA,NA,NA,NA
"41",NA,NA,NA,NA,NA,NA,NA,NA,NA,NA,NA,NA,NA,NA,NA,NA,NA,NA,NA,NA,NA,NA,NA,NA,NA,NA,NA,NA,NA,NA,NA,NA,NA,NA,NA,NA,NA,NA,NA,NA,NA,NA,NA,NA,NA,NA,NA,NA,NA,NA,NA,NA,NA,NA,45,46,46.5,79.2,32.5,87.4,48.8,106.7,59.9,43.7,58.4,52.6,42.6,50.6,47.6,42.6,41.4,55.4,44.5,50.7,46.2,36.8,52.2,46,70.1,106.4,43.2,74.3,51.6,40.8,27.9,NA,NA,NA,NA,NA,NA,NA,NA,NA,NA,NA,NA,NA,NA,NA,NA,NA,NA,NA
"42",NA,NA,NA,NA,NA,NA,NA,NA,NA,NA,NA,NA,NA,NA,NA,NA,NA,NA,NA,NA,NA,NA,NA,NA,NA,NA,NA,NA,NA,NA,NA,NA,NA,NA,NA,NA,NA,NA,NA,NA,NA,NA,NA,NA,NA,NA,NA,NA,NA,NA,NA,NA,NA,NA,NA,NA,66,55.1,120.1,38.4,52.6,63.2,80.8,43.4,83.3,49.8,74.2,73.1,40.4,46.8,66.8,65.2,60.6,51.1,40.4,44.6,78.2,38,75.7,64.8,72.9,50.8,60.5,38.9,53.2,NA,NA,NA,NA,NA,NA,NA,NA,NA,NA,NA,NA,NA,NA,NA,NA,NA,NA,NA
"43",NA,NA,NA,NA,NA,NA,NA,NA,NA,NA,NA,NA,NA,NA,NA,NA,NA,NA,NA,NA,NA,NA,NA,NA,NA,NA,NA,NA,NA,NA,NA,NA,NA,NA,NA,NA,NA,NA,NA,NA,NA,NA,NA,NA,NA,NA,NA,NA,NA,NA,NA,NA,NA,NA,NA,NA,26.7,46.5,25.7,38.1,65.5,75.4,64,36.1,37.3,45.9,33,38.9,26.3,38.3,36,39.4,40.8,60.6,56.8,88.8,53.6,64.8,44.5,86.3,39.6,50.1,40.1,30.4,45,62,NA,NA,NA,NA,NA,NA,NA,NA,NA,NA,NA,NA,NA,NA,NA,NA,NA,NA
"44",NA,NA,NA,NA,NA,NA,NA,NA,NA,NA,NA,NA,NA,NA,NA,NA,NA,NA,NA,NA,NA,NA,NA,NA,NA,NA,NA,NA,NA,NA,NA,NA,NA,NA,NA,NA,NA,NA,NA,NA,NA,NA,NA,NA,NA,NA,NA,NA,NA,NA,NA,NA,NA,NA,NA,NA,NA,NA,NA,NA,NA,NA,NA,NA,NA,82.6,74.9,58.1,58.6,30,59.4,60.3,68,70.8,37.8,57.1,71.2,NA,55.8,43.1,45.4,44.7,NA,61.4,52,NA,NA,NA,NA,NA,NA,NA,NA,NA,NA,NA,NA,NA,NA,NA,NA,NA,NA,NA
"45",NA,NA,NA,NA,NA,NA,NA,NA,NA,NA,NA,NA,NA,NA,NA,NA,NA,NA,NA,NA,NA,NA,NA,NA,NA,NA,NA,NA,NA,NA,NA,NA,NA,NA,NA,NA,NA,NA,NA,NA,NA,NA,NA,NA,NA,NA,58.7,37.1,65.8,NA,48,38.1,49.5,44.2,36.6,48,33.8,59.2,35.6,45.5,55.1,58.9,69.8,34.5,45.4,45.6,45.7,42.6,46.5,32.6,95,35,57,46.6,69.4,37,49,46.5,60.2,53.4,41.5,45,NA,NA,NA,NA,NA,NA,NA,NA,NA,66.6,NA,67.6,76.4,49,71.2,83,35.6,NA,33,48.6,50.6,27.2
"46",NA,NA,NA,NA,NA,NA,NA,NA,NA,NA,NA,NA,NA,NA,NA,NA,NA,NA,NA,NA,NA,NA,NA,NA,NA,NA,NA,NA,NA,NA,NA,NA,NA,NA,NA,NA,NA,NA,NA,NA,NA,NA,NA,NA,NA,NA,NA,NA,NA,NA,NA,NA,NA,NA,59.2,77.7,56.6,48.8,52.3,NA,68.6,67.8,60.5,39.9,44.8,47.2,40.6,64.2,38.2,85.7,101.4,37.8,53.4,42.6,68.2,85.2,67.8,45.2,50.6,51.3,40.3,57,43.8,63.8,40.5,66,NA,NA,NA,NA,NA,NA,NA,NA,NA,NA,NA,NA,NA,NA,NA,NA,NA,NA
"47",NA,NA,NA,NA,NA,NA,NA,NA,NA,NA,NA,NA,NA,NA,NA,NA,NA,NA,NA,NA,NA,NA,NA,NA,NA,NA,NA,NA,NA,NA,NA,NA,NA,NA,NA,NA,NA,NA,NA,NA,NA,NA,NA,NA,NA,NA,NA,NA,NA,NA,NA,48.5,56.4,36.8,52.3,38.4,47.5,44.4,38.1,56.1,46,98.3,54.6,32.3,45.5,38.4,38.9,NA,NA,NA,NA,NA,NA,NA,NA,NA,NA,NA,NA,NA,NA,NA,NA,NA,NA,NA,NA,NA,NA,NA,NA,NA,NA,NA,NA,NA,NA,NA,NA,NA,NA,NA,NA,NA
"48",NA,NA,NA,NA,NA,NA,NA,NA,NA,NA,NA,NA,NA,NA,NA,NA,NA,NA,NA,NA,NA,NA,NA,NA,NA,NA,NA,NA,NA,NA,NA,NA,NA,NA,NA,NA,NA,NA,NA,NA,NA,NA,NA,NA,NA,NA,NA,NA,NA,NA,NA,NA,NA,NA,NA,46,63.8,31.2,37.1,54.4,30,82.5,47.8,36.8,62.2,81.7,72.7,66,36.1,35.8,47.6,NA,NA,NA,NA,NA,NA,NA,NA,NA,NA,NA,NA,NA,NA,NA,NA,NA,NA,NA,NA,NA,NA,NA,NA,NA,NA,NA,NA,NA,NA,NA,NA,NA
"49",NA,NA,NA,NA,NA,NA,NA,NA,NA,NA,NA,NA,NA,NA,NA,NA,NA,NA,NA,NA,NA,NA,NA,NA,NA,NA,NA,NA,NA,NA,NA,NA,NA,NA,NA,NA,NA,NA,NA,NA,NA,NA,NA,NA,NA,30.2,34,48.8,67.1,80.8,46.5,39.4,58.7,58.2,45,54.1,56.1,38.1,60.2,56.1,43.2,70.1,48.5,36.6,33,84.5,60.7,73.5,42.1,33.9,45.4,55.2,49.2,102.2,NA,50.4,50.5,36.4,57.1,NA,NA,NA,NA,NA,NA,NA,NA,NA,NA,NA,NA,NA,NA,NA,NA,NA,NA,NA,NA,NA,NA,NA,NA,NA
"50",NA,NA,NA,NA,NA,NA,NA,NA,NA,NA,NA,NA,NA,NA,NA,NA,NA,NA,NA,NA,NA,NA,NA,NA,NA,NA,NA,NA,NA,NA,NA,NA,NA,NA,NA,NA,NA,NA,NA,NA,NA,NA,NA,NA,NA,NA,NA,NA,NA,44.4,31,42.4,NA,42.7,29,101.3,37.6,47.5,103.9,62,41.1,NA,46,41.7,56.2,NA,74.1,70.3,42.2,31.5,24.7,50.9,50.1,33,53.4,39.2,47.8,41,46.8,62.4,57.6,70.9,NA,48.1,48.4,NA,NA,NA,NA,NA,NA,NA,NA,NA,NA,NA,NA,NA,NA,NA,NA,NA,NA,NA
"51",NA,NA,NA,NA,NA,NA,NA,NA,NA,NA,NA,NA,NA,NA,NA,NA,NA,NA,NA,NA,NA,NA,NA,NA,NA,NA,NA,NA,NA,NA,NA,NA,NA,NA,NA,NA,NA,NA,NA,NA,NA,NA,NA,NA,NA,NA,NA,NA,NA,65.8,36.8,45.5,36.1,39.4,35.8,NA,42.2,55.6,51.8,43.4,38.1,88.1,37.3,46.5,28,84.6,76.3,39.3,31.9,39.4,50.5,46.1,46,70.7,39,65,40.6,40.7,NA,NA,NA,NA,NA,NA,NA,NA,NA,NA,NA,NA,NA,NA,NA,NA,NA,NA,NA,NA,NA,NA,NA,NA,NA,NA
"52",NA,NA,NA,NA,NA,NA,NA,NA,NA,NA,NA,NA,NA,NA,NA,NA,NA,NA,NA,NA,NA,NA,NA,NA,NA,NA,NA,NA,NA,NA,NA,NA,NA,NA,NA,NA,NA,NA,NA,NA,NA,NA,NA,NA,NA,NA,NA,NA,NA,NA,NA,NA,NA,NA,42.2,47.5,34.8,50.5,43.7,46.2,NA,85.1,60.5,45.7,36.7,42.6,35.5,63.7,48.5,37.8,57.2,NA,NA,NA,NA,NA,NA,NA,NA,NA,NA,NA,NA,NA,NA,NA,NA,NA,NA,NA,NA,NA,NA,NA,NA,NA,NA,NA,NA,NA,NA,NA,NA,NA
"53",NA,NA,NA,NA,NA,NA,NA,NA,NA,NA,NA,NA,NA,NA,NA,NA,NA,NA,NA,NA,NA,NA,NA,NA,NA,NA,NA,NA,NA,NA,NA,NA,NA,NA,NA,NA,NA,NA,NA,NA,NA,NA,NA,NA,NA,NA,NA,NA,NA,NA,NA,NA,56.9,35.8,50.8,42.4,61,80.3,69.1,54.4,46.2,NA,NA,37.6,55.8,64.6,41.4,66.4,74.8,43.8,72.7,58.8,45.1,57.5,78.4,45.2,101.4,43.6,51.8,63.8,38.2,64.8,66.6,NA,32,79.2,NA,NA,NA,NA,NA,NA,NA,NA,NA,NA,NA,NA,NA,NA,NA,NA,NA,NA
"54",NA,NA,NA,NA,NA,NA,NA,NA,NA,NA,NA,NA,NA,NA,NA,NA,NA,NA,NA,NA,NA,NA,NA,NA,NA,NA,NA,NA,NA,NA,NA,NA,NA,NA,NA,NA,NA,NA,NA,NA,NA,NA,NA,NA,NA,NA,NA,NA,NA,NA,NA,NA,NA,NA,NA,NA,NA,NA,NA,NA,NA,NA,82.6,37.8,79.8,54.4,49,87.7,50.1,47.8,45,49.8,48.4,37.2,44.3,47.4,90.4,43.1,38.6,46.1,50.2,61.2,NA,87.6,34.2,90.2,NA,NA,NA,NA,NA,NA,NA,NA,NA,NA,NA,NA,NA,NA,NA,NA,NA,NA
"55",NA,NA,NA,NA,NA,NA,NA,NA,NA,NA,NA,NA,NA,NA,NA,NA,NA,NA,NA,NA,NA,NA,NA,NA,NA,NA,NA,NA,NA,NA,NA,NA,NA,NA,NA,NA,NA,NA,NA,NA,NA,NA,NA,NA,NA,NA,NA,NA,NA,NA,NA,NA,64.3,33.5,58.4,62.5,68.3,79.2,80.3,51.6,NA,51.3,68.6,37.3,59.7,66.1,38.2,90.6,45.3,31.5,52.9,29,43.9,63.4,72,51.5,103.6,38.4,85,85.2,NA,NA,55.3,46.6,NA,NA,NA,NA,NA,NA,NA,NA,NA,NA,NA,NA,NA,NA,NA,NA,NA,NA,NA,NA
"56",NA,NA,NA,NA,NA,NA,NA,NA,NA,NA,NA,NA,NA,NA,NA,NA,NA,NA,NA,NA,NA,NA,NA,NA,NA,NA,NA,NA,NA,NA,NA,NA,NA,NA,NA,NA,NA,NA,NA,NA,NA,NA,NA,NA,NA,NA,NA,NA,NA,NA,NA,NA,NA,NA,NA,NA,NA,NA,NA,49.5,47,42.7,85.1,43.9,55.9,90,38.6,57.6,50.1,49.4,36.2,78.2,50.3,44.8,66.6,46.1,74.9,44,43,NA,31,64.1,NA,35,47.9,57.1,NA,NA,NA,NA,NA,NA,NA,NA,NA,NA,NA,NA,NA,NA,NA,NA,NA,NA
"57",NA,NA,NA,NA,NA,NA,NA,NA,NA,NA,NA,NA,NA,NA,NA,NA,NA,NA,NA,NA,NA,NA,NA,NA,NA,NA,NA,NA,NA,NA,NA,NA,NA,NA,NA,NA,NA,NA,NA,NA,NA,NA,NA,NA,NA,NA,NA,NA,NA,NA,NA,58.4,59.7,NA,47.5,56.6,35.8,35.1,NA,49.5,72.6,69.6,41.1,34,54.8,73.6,64.7,54,40.4,35.6,45,67.8,45,57,58.8,44.9,50.4,32.6,41.6,43.3,59.3,56.6,NA,NA,NA,NA,NA,NA,NA,NA,NA,NA,NA,NA,NA,NA,NA,NA,NA,NA,NA,NA,NA,NA
"58",NA,NA,NA,NA,NA,NA,NA,NA,NA,NA,NA,NA,NA,NA,NA,NA,NA,NA,NA,NA,NA,NA,NA,NA,NA,NA,NA,NA,NA,NA,NA,NA,NA,NA,NA,NA,NA,NA,NA,NA,NA,NA,NA,NA,NA,NA,NA,NA,NA,NA,NA,NA,NA,NA,NA,NA,NA,NA,68.8,68.3,37.8,33.8,90.7,51.1,76.3,58.3,52.4,79,46,43,55.5,61.2,44.8,36.7,66.4,56.8,48.7,41.2,49.8,42.8,49.7,67.9,52.3,76.1,41.8,68.3,NA,NA,NA,NA,NA,NA,NA,NA,NA,NA,NA,NA,NA,NA,NA,NA,NA,NA
"59",NA,NA,NA,NA,NA,NA,NA,NA,NA,NA,NA,NA,NA,NA,NA,NA,NA,NA,NA,NA,NA,NA,NA,NA,NA,NA,NA,NA,NA,NA,NA,NA,NA,NA,NA,NA,NA,NA,NA,NA,NA,NA,NA,NA,NA,NA,NA,NA,NA,NA,NA,NA,NA,NA,NA,NA,NA,NA,NA,42.4,63,54.4,79,46.7,64.7,44.5,45.9,69.9,53.6,40.7,52,78.6,50.1,57,78.9,60.8,65,49.8,45.2,58.2,41.8,54.8,59.5,35.4,36.7,71,NA,NA,NA,NA,NA,NA,NA,NA,NA,NA,NA,NA,NA,NA,NA,NA,NA,NA
"60",NA,NA,NA,NA,NA,NA,NA,NA,NA,NA,NA,NA,NA,NA,NA,NA,NA,NA,NA,NA,NA,NA,NA,NA,NA,NA,NA,NA,NA,NA,NA,NA,NA,NA,NA,NA,NA,NA,NA,NA,NA,NA,NA,NA,NA,NA,NA,NA,NA,NA,NA,NA,56.1,40.1,41.9,48.3,38.6,39.9,NA,42.7,NA,39.4,71.4,43.7,44.9,51.8,25.7,33.3,49.3,38.9,32.7,48.5,33.2,49.1,35.2,34.6,75.1,59.4,49.3,62.7,NA,48.1,59.2,NA,NA,NA,NA,NA,NA,NA,NA,NA,NA,NA,NA,NA,NA,NA,NA,NA,NA,NA,NA,NA
"61",NA,NA,NA,NA,NA,NA,NA,NA,NA,NA,NA,NA,NA,NA,NA,NA,NA,NA,NA,NA,NA,NA,NA,NA,NA,NA,NA,NA,NA,NA,NA,NA,NA,NA,NA,NA,NA,NA,NA,NA,NA,NA,NA,NA,NA,NA,NA,NA,NA,NA,NA,NA,43.2,52.1,47.2,52.1,32.3,48.3,47.5,48,49.3,NA,53.6,35.6,34.9,47.7,57.3,47.5,45.3,37.8,56.2,54,56.5,53.7,56.8,35.2,64.6,48.9,40.1,45.8,41.2,52.6,NA,NA,51.8,83.4,NA,NA,NA,NA,NA,NA,NA,NA,NA,NA,NA,NA,NA,NA,NA,NA,NA,NA
"62",NA,NA,NA,NA,NA,NA,NA,NA,NA,NA,NA,NA,NA,NA,NA,NA,NA,NA,NA,NA,NA,NA,NA,NA,NA,NA,NA,NA,NA,NA,NA,NA,NA,NA,NA,NA,NA,NA,NA,NA,NA,NA,NA,NA,NA,NA,NA,NA,55.6,44.2,30.7,35.1,54.4,NA,50,58.7,46.7,64.3,39.6,59.7,67.1,106.7,71.1,41.4,50,45.8,44.7,54.4,41.3,37,79.4,38.3,71.9,39.4,58,27.4,49.7,47.2,54.9,55.2,69.2,NA,NA,NA,NA,NA,NA,NA,NA,NA,NA,NA,NA,NA,NA,NA,NA,NA,NA,NA,NA,NA,NA,NA
"63",NA,NA,NA,NA,NA,NA,NA,NA,NA,NA,NA,NA,NA,NA,NA,NA,NA,NA,NA,NA,NA,NA,NA,NA,NA,NA,NA,NA,NA,NA,NA,NA,NA,NA,NA,NA,NA,NA,NA,NA,NA,NA,NA,NA,NA,NA,NA,NA,NA,NA,NA,NA,NA,24.9,71.1,33,80.8,75.4,67.1,70.1,53.3,43.4,68.3,36.1,95.6,67.4,80.2,73.7,40.4,47.2,67,48,55.7,42,78,57.8,77.1,40,51.1,58.1,61.6,56.3,NA,38.2,44.2,79,NA,NA,NA,NA,NA,NA,NA,NA,NA,NA,NA,NA,NA,NA,NA,NA,NA,NA
"64",NA,NA,NA,NA,NA,NA,NA,NA,NA,NA,NA,NA,NA,NA,NA,NA,NA,NA,NA,NA,NA,NA,NA,NA,NA,NA,NA,NA,NA,NA,NA,NA,NA,NA,NA,NA,NA,NA,NA,NA,NA,NA,NA,NA,NA,NA,NA,NA,NA,NA,NA,NA,58.4,43.2,NA,48.3,64.5,59.7,NA,65.3,32,52.6,NA,36.6,57.5,64.5,49.5,76.5,40.6,39.6,55.6,48.4,53.5,56.4,49.6,60.7,52.4,37.4,41.6,33.6,41.8,50.8,48.4,69.5,33.8,81.9,NA,NA,NA,NA,NA,NA,NA,NA,NA,NA,NA,NA,NA,NA,NA,NA,NA,NA
"65",NA,NA,NA,NA,NA,NA,NA,NA,NA,NA,NA,NA,NA,NA,NA,NA,NA,NA,NA,NA,NA,NA,NA,NA,NA,NA,NA,NA,NA,NA,NA,NA,NA,NA,NA,NA,NA,NA,NA,NA,NA,NA,NA,NA,NA,NA,NA,NA,NA,NA,NA,40.4,41.4,55.4,54.6,49.8,60.5,35.1,37.3,55.6,48.8,NA,46,34.3,32,35.6,34.8,53.9,50.8,35,41.6,40,71,69,75.2,38.4,54.6,44.4,48.2,NA,NA,NA,NA,NA,NA,NA,NA,NA,NA,NA,NA,NA,NA,NA,NA,NA,NA,NA,NA,NA,NA,NA,NA,NA
"66",NA,NA,NA,NA,NA,NA,NA,NA,NA,NA,NA,NA,NA,NA,NA,NA,NA,NA,NA,NA,NA,NA,NA,NA,NA,NA,NA,NA,NA,NA,NA,NA,NA,NA,NA,NA,NA,NA,NA,NA,NA,NA,NA,NA,NA,NA,NA,NA,NA,NA,NA,NA,NA,NA,NA,NA,NA,NA,NA,38.9,42.9,68.8,47,36.8,34.3,47.7,31,63.5,53.2,40.4,40.2,39.3,53,30.8,38.8,102.2,53.2,37.6,50.4,32.1,40.4,53.7,NA,NA,NA,NA,NA,NA,NA,NA,NA,NA,NA,NA,NA,NA,NA,NA,NA,NA,NA,NA,NA,NA
"67",NA,NA,NA,NA,NA,NA,NA,NA,NA,NA,NA,NA,NA,NA,NA,NA,NA,NA,NA,NA,NA,NA,NA,NA,NA,NA,NA,NA,NA,NA,NA,NA,NA,NA,NA,NA,NA,NA,NA,NA,NA,NA,NA,NA,NA,NA,NA,NA,NA,NA,NA,68.3,37.1,36.6,48.8,53.3,64.8,46.2,42.4,59.4,68.3,46.5,36.6,40.1,NA,30.4,34.6,42.1,29.4,54.2,60.2,43.6,45.6,38.8,49.2,79.6,42.4,28.5,93.4,NA,NA,NA,NA,NA,NA,NA,NA,NA,NA,NA,NA,NA,NA,NA,NA,NA,NA,NA,NA,NA,NA,NA,NA,NA
"68",NA,NA,NA,NA,NA,NA,NA,NA,NA,NA,NA,NA,NA,NA,NA,NA,NA,NA,NA,NA,NA,NA,NA,NA,NA,NA,NA,NA,NA,NA,NA,NA,NA,NA,NA,NA,NA,NA,NA,NA,NA,NA,NA,NA,NA,NA,NA,NA,NA,NA,NA,NA,NA,NA,NA,NA,NA,NA,NA,NA,NA,NA,45.7,50.3,44.8,102,73.5,50.8,38.4,47.5,60.2,54.6,65.9,53.3,50.6,63.8,52.2,35,50.3,47.6,52.8,108.4,NA,NA,NA,NA,NA,NA,NA,NA,78.1,67.8,51.4,39,61.9,NA,NA,NA,NA,NA,NA,NA,NA,NA
"69",NA,NA,NA,NA,NA,NA,NA,NA,NA,NA,NA,NA,NA,NA,NA,NA,NA,NA,NA,NA,NA,NA,NA,NA,NA,NA,NA,NA,NA,NA,NA,NA,NA,NA,NA,NA,NA,NA,NA,NA,NA,NA,NA,NA,NA,NA,NA,NA,NA,NA,NA,NA,46.7,51.3,43.7,50.8,49.5,27.7,87.6,71.4,39.9,46.2,53.1,44.4,63,60.8,56.2,54.5,44.6,46.6,75.9,66.2,97.1,48.4,78,70,43.2,34.2,35.2,NA,NA,NA,NA,NA,NA,NA,NA,NA,NA,NA,NA,NA,NA,NA,NA,NA,NA,NA,NA,NA,NA,NA,NA,NA
"70",NA,NA,NA,NA,NA,NA,NA,NA,NA,NA,NA,NA,NA,NA,NA,NA,NA,NA,NA,NA,NA,NA,NA,NA,NA,NA,NA,NA,NA,NA,NA,NA,NA,NA,NA,NA,NA,NA,NA,NA,NA,NA,NA,NA,NA,NA,NA,NA,NA,NA,NA,NA,NA,NA,NA,NA,NA,37.6,59.2,NA,NA,66.5,35.1,40.1,66.5,62.5,44,89.2,25.7,43.4,38.2,29.2,76.7,48.3,52.7,62.1,44,30.4,54,48.8,42.8,60.8,51.4,NA,71.4,60,NA,NA,NA,NA,NA,NA,NA,NA,NA,NA,NA,NA,NA,NA,NA,NA,NA,NA
"71",NA,NA,NA,NA,NA,NA,NA,NA,NA,NA,NA,NA,NA,NA,NA,NA,NA,NA,NA,NA,NA,NA,NA,NA,NA,NA,NA,NA,NA,NA,NA,NA,NA,NA,NA,NA,NA,NA,NA,NA,NA,NA,NA,NA,NA,NA,NA,NA,NA,NA,NA,NA,NA,NA,NA,NA,65,78.2,40.1,56.9,36.1,28.4,25.4,38.4,57.3,62.4,50.9,50.1,28.9,30.4,51.2,36.6,42.6,31,51.6,115,24.2,39.9,66.2,36.8,80,54.1,28,44.4,35.8,46.5,NA,NA,NA,NA,NA,NA,NA,NA,NA,NA,NA,NA,NA,NA,NA,NA,NA,NA
"72",NA,NA,NA,NA,NA,NA,NA,NA,NA,NA,NA,NA,NA,NA,NA,NA,NA,NA,NA,NA,NA,NA,NA,NA,NA,NA,NA,NA,NA,NA,NA,NA,NA,NA,NA,NA,NA,NA,NA,NA,NA,NA,NA,NA,NA,NA,NA,NA,NA,NA,NA,NA,NA,NA,40.4,61.7,55.1,75.2,57.4,77,72.4,29.7,NA,48,52.8,49,NA,76.2,36.2,101.4,30,86.9,53.6,46.2,50.8,48.8,64.2,NA,54,42.8,41.6,50.2,NA,NA,NA,NA,NA,NA,NA,NA,NA,NA,NA,NA,NA,NA,NA,NA,NA,NA,NA,NA,NA,NA
"73",NA,NA,NA,NA,NA,NA,NA,NA,NA,NA,NA,NA,NA,NA,NA,NA,NA,NA,NA,NA,NA,NA,NA,NA,NA,NA,NA,NA,NA,NA,NA,NA,NA,NA,NA,NA,NA,NA,NA,NA,NA,NA,NA,NA,NA,NA,NA,NA,NA,NA,NA,NA,NA,53.1,49.8,71.1,79.5,49.5,70.1,68.1,80,70.4,48,57.9,42.2,92.2,51,84.7,55.8,59.9,60.6,51.5,67.8,73.7,65.1,64.4,43.8,48.2,63.2,50.6,52.8,74.7,NA,62.4,57.1,74.2,NA,NA,NA,NA,NA,NA,NA,NA,NA,NA,NA,NA,NA,NA,57,NA,NA,NA
"74",NA,NA,NA,NA,NA,NA,NA,NA,NA,NA,NA,NA,NA,NA,NA,NA,NA,NA,NA,NA,NA,NA,NA,NA,NA,NA,NA,NA,NA,NA,NA,NA,NA,NA,NA,NA,NA,NA,NA,NA,NA,NA,NA,NA,NA,NA,NA,NA,NA,NA,NA,NA,NA,NA,NA,NA,56.1,76.5,NA,NA,41.4,65.3,138.4,44.7,48.5,67.4,47.2,71.4,23,32.6,12.8,74.2,NA,58.2,48.3,63.4,48.6,NA,NA,NA,NA,NA,NA,NA,NA,NA,NA,NA,NA,NA,NA,NA,NA,NA,NA,NA,NA,NA,NA,NA,NA,NA,NA,NA
"75",NA,NA,NA,NA,NA,NA,NA,NA,NA,NA,NA,NA,NA,NA,NA,NA,NA,NA,NA,NA,NA,NA,NA,NA,NA,NA,NA,NA,NA,NA,NA,NA,NA,NA,NA,NA,NA,NA,NA,NA,NA,NA,NA,NA,NA,NA,NA,NA,NA,NA,NA,NA,NA,56.9,75.2,63,51.3,55.9,34.8,75.4,45.5,55.6,NA,NA,58.3,81.6,103.5,NA,77.4,22.2,42,NA,NA,NA,NA,93.4,90.9,72.3,59.4,59.8,NA,49,NA,69.3,NA,NA,NA,NA,NA,NA,NA,NA,NA,NA,NA,NA,NA,NA,NA,NA,NA,NA,NA,NA
"76",NA,NA,NA,NA,NA,NA,NA,NA,NA,NA,NA,NA,NA,NA,NA,NA,NA,NA,NA,NA,NA,NA,NA,NA,NA,NA,NA,NA,NA,NA,NA,NA,NA,NA,NA,NA,NA,NA,NA,NA,NA,NA,NA,NA,NA,NA,NA,NA,NA,NA,NA,NA,NA,NA,NA,NA,NA,NA,NA,54.1,72.9,29.5,46.7,47,63,54,91.1,57.9,31,31.2,42.2,55.9,46.4,54.5,85.6,50.6,50.8,40.9,NA,NA,41.8,63.6,NA,35.7,38.6,50.4,NA,NA,NA,NA,NA,NA,NA,NA,NA,NA,NA,NA,NA,NA,NA,NA,NA,NA
"77",NA,NA,NA,NA,NA,NA,NA,NA,NA,NA,NA,NA,NA,NA,NA,NA,NA,NA,NA,NA,NA,NA,NA,NA,NA,NA,NA,NA,NA,NA,NA,NA,NA,NA,NA,NA,NA,NA,NA,NA,NA,NA,NA,NA,NA,NA,NA,NA,61.2,49.3,65,23.9,36.1,69.3,36.6,46.7,53.3,76.5,38.9,32,37.6,31.7,54.9,48.3,39.8,53,49.8,122.9,22.4,47.7,31.8,91,51.4,48.6,33.5,34.6,40.4,45.7,NA,35.6,NA,35.8,NA,NA,NA,NA,NA,NA,NA,NA,NA,NA,NA,NA,NA,NA,NA,NA,NA,NA,NA,NA,NA,NA
"78",NA,NA,NA,NA,NA,NA,NA,NA,NA,NA,NA,NA,NA,NA,NA,NA,NA,NA,NA,NA,NA,NA,NA,NA,NA,NA,NA,NA,NA,NA,NA,NA,NA,NA,NA,NA,NA,NA,NA,NA,NA,NA,NA,NA,NA,NA,NA,NA,NA,NA,NA,NA,NA,NA,23.9,67.8,56.9,80.8,57.7,39.9,54.6,25.7,36.3,32.3,43.2,29.9,74,81.7,46.2,32.5,38.9,48.1,38.2,39.4,38.2,42.6,36.8,54.2,46.2,35,48,41.5,NA,NA,NA,NA,NA,NA,NA,NA,58.1,70,53.5,41.5,40.9,29.7,55.6,39.2,40.5,63.3,49.2,54.9,NA,NA
"79",NA,NA,NA,NA,NA,NA,NA,NA,NA,NA,NA,NA,NA,NA,NA,NA,NA,NA,NA,NA,NA,NA,NA,NA,NA,NA,NA,NA,NA,NA,NA,NA,NA,NA,NA,NA,NA,NA,NA,NA,NA,NA,NA,NA,NA,NA,NA,NA,NA,NA,NA,NA,NA,NA,NA,78,40.6,52.6,39.1,NA,27.2,24.9,40.9,NA,NA,NA,NA,NA,NA,11.3,NA,47,62.3,31.4,45.8,44.2,79.5,78.3,33.4,NA,49.5,51.4,NA,NA,NA,NA,NA,NA,NA,NA,NA,NA,NA,NA,NA,NA,NA,NA,NA,NA,NA,NA,NA,NA
"80",NA,NA,NA,NA,NA,NA,NA,NA,NA,NA,NA,NA,NA,NA,NA,NA,NA,NA,NA,NA,NA,NA,NA,NA,NA,NA,NA,NA,NA,NA,NA,NA,NA,NA,NA,NA,NA,NA,NA,NA,NA,NA,NA,NA,NA,NA,NA,NA,NA,NA,NA,NA,NA,NA,NA,NA,NA,38.1,59.7,32,NA,49,36.3,40.1,25.8,60.1,61.2,42.4,81,27.7,45.2,39.7,51.9,51.4,38.4,35.2,52.4,40,41.4,34.3,66.9,74,41.2,18.8,31.6,56.2,NA,NA,NA,NA,NA,NA,NA,NA,NA,NA,NA,NA,NA,NA,NA,NA,NA,NA
"81",NA,NA,NA,NA,NA,NA,NA,NA,NA,NA,NA,NA,NA,NA,NA,NA,NA,NA,NA,NA,NA,NA,NA,NA,NA,NA,NA,NA,NA,NA,NA,NA,NA,NA,NA,NA,NA,NA,NA,NA,NA,NA,NA,NA,NA,NA,NA,NA,NA,NA,73.9,NA,37.3,27.2,20.1,NA,NA,75.2,74.2,47.2,47.5,66.8,43.4,31,36.4,38.4,48.8,63.4,26.4,34.6,37.2,39.3,43.6,NA,NA,23.2,39,NA,54.4,38.6,39.8,36.5,NA,NA,NA,49.7,NA,NA,NA,NA,NA,NA,NA,NA,NA,NA,NA,NA,NA,NA,NA,NA,NA,NA
"82",NA,NA,NA,NA,NA,NA,NA,NA,NA,NA,NA,NA,NA,NA,NA,NA,NA,NA,NA,NA,NA,NA,NA,NA,NA,NA,NA,NA,NA,NA,NA,NA,NA,NA,NA,NA,NA,NA,NA,NA,NA,NA,NA,NA,NA,NA,NA,NA,NA,NA,NA,NA,NA,NA,NA,31.2,48.8,73.9,36.8,36.8,28.7,NA,56.9,43.2,41.2,52.4,82.6,35.8,22.7,49.1,47.2,65.8,54.8,93.8,52.8,36.2,33.8,NA,NA,44.4,44,40.2,NA,53.9,66.3,46.7,NA,NA,NA,NA,NA,NA,NA,NA,NA,NA,NA,NA,NA,NA,NA,NA,NA,NA
"83",NA,NA,NA,NA,NA,NA,NA,NA,NA,NA,NA,NA,NA,NA,NA,NA,NA,NA,NA,NA,NA,NA,NA,NA,NA,NA,NA,NA,NA,NA,NA,NA,NA,NA,NA,NA,NA,NA,NA,NA,NA,NA,NA,NA,NA,NA,NA,NA,NA,NA,NA,NA,51.8,33.8,44.2,37.1,66.8,80.5,59.2,53.1,46.2,41.9,68.8,54.6,49.4,56,36.5,85.8,39.2,52.9,37.6,34.2,63.2,59.6,32.4,49,65,45.6,55,42.9,49.3,62,NA,47,NA,51.8,NA,NA,NA,NA,NA,NA,NA,NA,NA,NA,NA,NA,NA,NA,NA,NA,NA,NA
"84",NA,NA,NA,NA,NA,NA,NA,NA,NA,NA,NA,NA,NA,NA,NA,NA,NA,NA,NA,NA,NA,NA,NA,NA,NA,NA,NA,NA,NA,NA,NA,NA,NA,NA,NA,NA,NA,NA,NA,NA,NA,NA,NA,NA,NA,NA,NA,NA,NA,NA,NA,NA,50.8,33.8,44.2,37.6,62.7,71.1,50.5,55.4,25.1,54.4,79,53.6,37.6,47.2,33.3,97.8,35.8,58.5,52.4,48.9,67.4,39.6,31.4,60.6,61.2,NA,NA,NA,NA,NA,NA,NA,NA,NA,NA,NA,NA,NA,NA,NA,NA,NA,NA,NA,NA,NA,NA,NA,NA,NA,NA,NA
"85",NA,NA,NA,NA,NA,NA,NA,NA,NA,NA,NA,NA,NA,NA,NA,NA,NA,NA,NA,NA,NA,NA,NA,NA,NA,NA,NA,NA,NA,NA,NA,NA,NA,NA,NA,NA,NA,NA,NA,NA,NA,NA,NA,NA,NA,NA,NA,34.7,NA,37.8,52.3,26.4,76.2,42.9,41.4,36.8,45.2,50,76.7,42.2,28.2,32.3,49.5,46,43.1,35.5,39.5,42.4,55.2,48.2,32,71.6,45.7,35,50.6,49.4,34.8,36.2,43.1,37.3,39.2,27.3,NA,NA,NA,NA,NA,NA,NA,NA,50.8,50.5,69.6,NA,72.9,54.2,57.8,55.2,51,43.7,31,24.7,56.9,31.7
"86",NA,NA,NA,NA,NA,NA,NA,NA,NA,NA,NA,NA,NA,NA,NA,NA,NA,NA,NA,NA,NA,NA,NA,NA,NA,NA,NA,NA,NA,NA,NA,NA,NA,NA,NA,NA,NA,NA,NA,NA,NA,NA,NA,NA,NA,NA,NA,NA,NA,NA,NA,NA,NA,NA,NA,NA,NA,NA,62.7,37.1,53.8,57.4,40.1,31.5,40.4,41.5,46.5,108.7,46.3,40,37.6,50.2,41.4,46.8,50,38.8,46,38.8,58.8,37.9,42,50.5,101.8,27,25.4,32,NA,NA,NA,NA,NA,NA,NA,NA,NA,NA,NA,NA,NA,NA,NA,NA,NA,NA
"87",NA,NA,NA,NA,NA,NA,NA,NA,NA,NA,NA,NA,NA,NA,NA,NA,NA,NA,NA,NA,NA,NA,NA,NA,NA,NA,NA,NA,NA,NA,NA,NA,NA,NA,NA,NA,NA,NA,NA,NA,NA,NA,NA,NA,NA,NA,NA,NA,47.2,33.3,44.7,37.3,63.5,49.5,30.7,50.5,84.6,29.5,35.1,42.4,NA,36.3,27.9,37.6,32.8,81.5,60.2,53.2,32.9,23,45,73.6,59.4,26.4,34,78.4,45.7,32,NA,NA,NA,NA,NA,NA,NA,NA,NA,NA,NA,NA,NA,NA,NA,NA,NA,NA,NA,NA,NA,NA,NA,NA,NA,NA
"88",NA,NA,NA,NA,NA,NA,NA,NA,NA,NA,NA,NA,NA,NA,NA,NA,NA,NA,NA,NA,NA,NA,NA,NA,NA,NA,NA,NA,NA,NA,NA,NA,NA,NA,NA,NA,NA,NA,NA,NA,NA,NA,NA,NA,NA,NA,NA,NA,NA,NA,NA,NA,NA,33.3,21.1,31.7,58.9,72.9,45.7,39.9,64.5,35.6,40.1,52.3,52.7,39.6,125.2,42.1,47.6,42.3,31.5,26.7,72,54.2,56,78.8,41,27.8,48.4,43.5,NA,NA,NA,NA,NA,NA,NA,NA,NA,NA,NA,NA,NA,NA,NA,NA,NA,NA,NA,NA,NA,NA,NA,NA
"89",NA,NA,NA,NA,NA,NA,NA,NA,NA,NA,NA,NA,NA,NA,NA,NA,NA,NA,NA,NA,NA,NA,NA,NA,NA,NA,NA,NA,NA,NA,NA,NA,NA,NA,NA,NA,NA,NA,NA,NA,NA,NA,NA,NA,NA,NA,NA,NA,NA,NA,NA,NA,NA,NA,32.1,54.8,71.4,30,73.7,40.6,97.4,33.6,NA,NA,NA,35.1,44.6,32,34.3,30,23.2,NA,NA,NA,43.2,36.6,38,35.6,63.2,35.2,46.4,27.4,NA,29.3,42.3,43.2,NA,NA,NA,NA,NA,NA,NA,NA,NA,NA,NA,NA,NA,NA,NA,NA,NA,NA
"90",NA,NA,NA,NA,NA,NA,NA,NA,NA,NA,NA,NA,NA,NA,NA,NA,NA,NA,NA,NA,NA,NA,NA,NA,NA,NA,NA,NA,NA,NA,NA,NA,NA,NA,NA,NA,NA,NA,NA,NA,NA,NA,NA,NA,NA,NA,NA,NA,NA,NA,NA,NA,NA,NA,NA,NA,35.6,47.5,66.3,NA,39.1,31.2,55.4,29.5,32.3,47.2,32.8,59.9,30.9,25,23.4,29,43.4,67,39.4,50.4,30,77.9,49.8,24.4,52.2,NA,118,41,43,NA,NA,NA,NA,NA,NA,NA,NA,NA,NA,NA,NA,NA,NA,NA,NA,NA,NA,NA
"91",NA,NA,NA,NA,NA,NA,NA,NA,NA,NA,NA,NA,NA,NA,NA,NA,NA,NA,NA,NA,NA,NA,NA,NA,NA,NA,NA,NA,NA,NA,NA,NA,NA,NA,NA,NA,NA,NA,NA,NA,NA,NA,NA,NA,NA,NA,NA,NA,NA,NA,NA,NA,NA,NA,49.5,102.9,73.9,50,51.6,48,63.2,30.7,45.7,47.5,41.5,60.5,58.2,45.3,31.6,56.7,60.4,34.6,41.6,24,46.8,29.4,54.8,49.6,45.6,50.5,39.6,33,NA,NA,NA,NA,NA,NA,NA,NA,NA,NA,NA,NA,NA,NA,NA,NA,NA,NA,NA,NA,NA,NA
"92",NA,NA,NA,NA,NA,NA,NA,NA,NA,NA,NA,NA,NA,NA,NA,NA,NA,NA,NA,NA,NA,NA,NA,NA,NA,NA,NA,NA,NA,NA,NA,NA,NA,NA,NA,NA,NA,NA,NA,NA,NA,NA,NA,NA,NA,NA,NA,NA,NA,NA,NA,NA,NA,NA,NA,65.5,39.4,49.5,33.5,58.9,57.7,53.8,45,32.5,45.2,98,32.8,56.6,85.1,50.9,32,25.2,43.2,95.1,91.2,101.4,37.6,49,40.3,52.2,27.1,40.8,30,NA,45.2,NA,NA,NA,NA,NA,NA,NA,NA,NA,NA,NA,NA,NA,NA,NA,NA,NA,NA,NA
"93",NA,NA,NA,NA,NA,NA,NA,NA,NA,NA,NA,NA,NA,NA,NA,NA,NA,NA,NA,NA,NA,NA,NA,NA,NA,NA,NA,NA,NA,NA,NA,NA,NA,NA,NA,NA,NA,NA,NA,NA,NA,NA,NA,NA,NA,NA,NA,NA,NA,NA,NA,NA,NA,NA,NA,NA,NA,NA,NA,NA,NA,NA,NA,NA,NA,NA,NA,NA,NA,29.6,37.2,27.8,45,56.3,46,51.4,38.8,29.6,42.8,52.8,50.2,36.7,35.5,25.3,45.8,32.6,NA,NA,NA,NA,NA,NA,NA,NA,NA,NA,NA,NA,NA,NA,NA,NA,NA,NA
"94",NA,NA,NA,NA,NA,NA,NA,NA,NA,NA,NA,NA,NA,NA,NA,NA,NA,NA,NA,NA,NA,NA,NA,NA,NA,NA,NA,NA,NA,NA,NA,NA,NA,NA,NA,NA,NA,NA,NA,NA,NA,NA,NA,NA,NA,NA,NA,NA,NA,NA,NA,NA,NA,NA,NA,NA,NA,NA,NA,NA,NA,NA,NA,NA,NA,NA,NA,39.4,32.8,31,31.4,52.2,42.7,31,NA,62.9,48.8,43.2,45.3,45.1,48.5,29.1,39.8,49,65.6,75.6,NA,NA,NA,NA,NA,NA,NA,NA,NA,NA,NA,NA,NA,NA,NA,NA,NA,NA
"95",NA,NA,NA,NA,NA,NA,NA,NA,NA,NA,NA,NA,NA,NA,NA,NA,NA,NA,NA,NA,NA,NA,NA,NA,NA,NA,NA,NA,NA,NA,NA,NA,NA,NA,NA,NA,NA,NA,NA,NA,NA,NA,NA,NA,NA,NA,NA,50.3,37.1,64.5,43.7,45.5,40.4,NA,37.8,38.4,39.6,37.8,32,46,56.4,35.1,42.7,34,31.4,33.8,43.6,41.5,27.8,32.2,38.4,63.4,56.9,44,52,34.5,54.4,29.1,44.7,69.3,37.6,40.1,NA,NA,NA,NA,NA,NA,NA,NA,NA,NA,NA,NA,NA,NA,NA,NA,NA,NA,NA,NA,NA,NA
